Secuencia (seq),Protocolo,Latencia (ms),RSSI (dBm),Éxito
1,HTTP,109,-36,1
2,HTTP,158,-39,1
3,HTTP,142,-38,1
5,HTTP,76,-35,1
6,HTTP,81,-36,1
7,HTTP,95,-35,1
8,HTTP,82,-36,1
9,HTTP,95,-35,1
10,HTTP,179,-35,1
11,HTTP,93,-36,1
12,HTTP,134,-37,1
13,HTTP,101,-37,1
15,HTTP,77,-39,1
16,HTTP,92,-36,1
17,HTTP,532,-35,1
18,HTTP,172,-39,1
19,HTTP,729,-36,1
20,HTTP,145,-40,1
21,HTTP,336,-35,1
22,HTTP,82,-36,1
23,HTTP,81,-36,1
24,HTTP,71,-36,1
25,HTTP,83,-35,1
26,HTTP,127,-35,1
27,HTTP,353,-35,1
28,HTTP,139,-35,1
29,HTTP,276,-36,1
30,HTTP,107,-37,1
31,HTTP,2790,-35,1
32,HTTP,192,-37,1
33,HTTP,113,-36,1
34,HTTP,309,-35,1
35,HTTP,275,-34,1
